ID,Usage,Label
0,Public,Politics
1,Private,Politics
2,Public,Politics
3,Private,Sports
4,Public,Science
5,Private,Politics
6,Public,Politics
7,Private,Politics
8,Public,Politics
9,Private,Politics
10,Public,Politics
11,Private,Science
12,Public,Politics
13,Private,Travel
14,Public,Politics
15,Private,Science
16,Public,Entertainment
17,Private,Education
18,Public,Politics
19,Private,Politics
20,Public,Politics
21,Private,Education
22,Public,Sports
23,Private,Politics
24,Public,Science
25,Private,Entertainment
26,Public,Science
27,Private,Politics
28,Public,Politics
29,Private,Science
30,Public,Politics
31,Private,Entertainment
32,Public,Entertainment
33,Private,Politics
34,Public,Politics
35,Private,Sports
36,Public,Politics
37,Private,Politics
38,Public,Entertainment
39,Private,Science
40,Public,Entertainment
41,Private,Science
42,Public,Education
43,Private,Politics
44,Public,Politics
45,Private,Politics
46,Public,Politics
47,Private,Politics
48,Public,Science
49,Private,Entertainment
50,Public,Politics
51,Private,Politics
52,Public,Politics
53,Private,Education
54,Public,Politics
55,Private,Politics
56,Public,Entertainment
57,Private,Environment
58,Public,Politics
59,Private,Entertainment
60,Public,Politics
61,Private,Science
62,Public,Politics
63,Private,Education
64,Public,Politics
65,Private,Politics
66,Public,Politics
67,Private,Entertainment
68,Public,Science
69,Private,Politics
70,Public,Politics
71,Private,Politics
72,Public,Sports
73,Private,Environment
74,Public,Politics
75,Private,Science
76,Public,Politics
77,Private,Politics
78,Public,Politics
79,Private,Politics
80,Public,Politics
81,Private,Politics
82,Public,Politics
83,Private,Education
84,Public,Education
85,Private,Education
86,Public,Politics
87,Private,Politics
88,Public,Politics
89,Private,Education
90,Public,Politics
91,Private,Education
92,Public,Politics
93,Private,Politics
94,Public,Politics
95,Private,Politics
96,Public,Politics
97,Private,Environment
98,Public,Politics
99,Private,Environment
100,Public,Education
101,Private,Science
102,Public,Politics
103,Private,Politics
104,Public,Environment
105,Private,Entertainment
106,Public,Politics
107,Private,Science
108,Public,Entertainment
109,Private,Politics
110,Public,Education
111,Private,Environment
112,Public,Politics
113,Private,Politics
114,Public,Sports
115,Private,Politics
116,Public,Entertainment
117,Private,Politics
118,Public,Politics
119,Private,Politics
120,Public,Politics
121,Private,Environment
122,Public,Politics
123,Private,Politics
124,Public,Politics
125,Private,Education
126,Public,Politics
127,Private,Politics
128,Public,Entertainment
129,Private,Environment
130,Public,Entertainment
131,Private,Environment
132,Public,Politics
133,Private,Politics
134,Public,Politics
135,Private,Science
136,Public,Environment
137,Private,Education
138,Public,Science
139,Private,Politics
140,Public,Politics
141,Private,Politics
142,Public,Politics
143,Private,Politics
144,Public,Entertainment
145,Private,Education
146,Public,Entertainment
147,Private,Politics
148,Public,Environment
149,Private,Politics
150,Public,Entertainment
151,Private,Politics
152,Public,Education
153,Private,Politics
154,Public,Science
155,Private,Environment
156,Public,Politics
157,Private,Science
158,Public,Politics
159,Private,Environment
160,Public,Politics
161,Private,Environment
162,Public,Education
163,Private,Education
164,Public,Politics
165,Private,Politics
166,Public,Environment
167,Private,Education
168,Public,Environment
169,Private,Politics
170,Public,Politics
171,Private,Education
172,Public,Environment
173,Private,Environment
174,Public,Politics
175,Private,Politics
176,Public,Politics
177,Private,Entertainment
178,Public,Politics
179,Private,Environment
180,Public,Entertainment
181,Private,Environment
182,Public,Education
183,Private,Environment
184,Public,Politics
185,Private,Politics
186,Public,Education
187,Private,Environment
188,Public,Environment
189,Private,Politics
190,Public,Politics
191,Private,Politics
192,Public,Entertainment
193,Private,Politics
194,Public,Environment
195,Private,Entertainment
196,Public,Environment
197,Private,Entertainment
198,Public,Entertainment
199,Private,Politics
200,Public,Politics
201,Private,Politics
202,Public,Politics
203,Private,Sports
204,Public,Politics
205,Private,Politics
206,Public,Politics
207,Private,Politics
208,Public,Entertainment
209,Private,Politics
210,Public,Politics
211,Private,Politics
212,Public,Politics
213,Private,Education
214,Public,Entertainment
215,Private,Travel
216,Public,Politics
217,Private,Education
218,Public,Education
219,Private,Politics
220,Public,Entertainment
221,Private,Entertainment
222,Public,Politics
223,Private,Politics
224,Public,Entertainment
225,Private,Entertainment
226,Public,Politics
227,Private,Entertainment
228,Public,Science
229,Private,Politics
230,Public,Politics
231,Private,Politics
232,Public,Politics
233,Private,Education
234,Public,Science
235,Private,Politics
236,Public,Politics
237,Private,Entertainment
238,Public,Entertainment
239,Private,Education
240,Public,Entertainment
241,Private,Education
242,Public,Entertainment
243,Private,Entertainment
244,Public,Politics
245,Private,Entertainment
246,Public,Politics
247,Private,Education
248,Public,Education
249,Private,Politics
250,Public,Politics
251,Private,Education
252,Public,Politics
253,Private,Science
254,Public,Education
255,Private,Entertainment
256,Public,Politics
257,Private,Politics
258,Public,Entertainment
259,Private,Politics
260,Public,Politics
261,Private,Education
262,Public,Politics
263,Private,Politics
264,Public,Politics
265,Private,Politics
266,Public,Science
267,Private,Entertainment
268,Public,Politics
269,Private,Entertainment
270,Public,Education
271,Private,Politics
272,Public,Politics
273,Private,Entertainment
274,Public,Politics
275,Private,Education
276,Public,Education
277,Private,Entertainment
278,Public,Politics
279,Private,Politics
280,Public,Politics
281,Private,Politics
282,Public,Politics
283,Private,Sports
284,Public,Entertainment
285,Private,Politics
286,Public,Entertainment
287,Private,Politics
288,Public,Politics
289,Private,Travel
290,Public,Entertainment
291,Private,Education
292,Public,Politics
293,Private,Politics
294,Public,Politics
295,Private,Politics
296,Public,Politics
297,Private,Politics
298,Public,Education
299,Private,Politics
300,Public,Education
301,Private,Politics
302,Public,Politics
303,Private,Politics
304,Public,Politics
305,Private,Politics
306,Public,Politics
307,Private,Politics
308,Public,Politics
309,Private,Politics
310,Public,Politics
311,Private,Entertainment
312,Public,Entertainment
313,Private,Politics
314,Public,Education
315,Private,Entertainment
316,Public,Politics
317,Private,Politics
318,Public,Education
319,Private,Politics
320,Public,Politics
321,Private,Politics
322,Public,Politics
323,Private,Politics
324,Public,Politics
325,Private,Education
326,Public,Politics
327,Private,Politics
328,Public,Politics
329,Private,Travel
330,Public,Science
331,Private,Politics
332,Public,Politics
333,Private,Politics
334,Public,Politics
335,Private,Education
336,Public,Politics
337,Private,Politics
338,Public,Politics
339,Private,Politics
340,Public,Politics
341,Private,Politics
342,Public,Politics
343,Private,Politics
344,Public,Politics
345,Private,Education
346,Public,Politics
347,Private,Politics
348,Public,Politics
349,Private,Politics
350,Public,Politics
351,Private,Politics
352,Public,Politics
353,Private,Politics
354,Public,Politics
355,Private,Education
356,Public,Politics
357,Private,Politics
358,Public,Politics
359,Private,Politics
360,Public,Politics
361,Private,Politics
362,Public,Politics
363,Private,Politics
364,Public,Politics
365,Private,Education
366,Public,Politics
367,Private,Politics
368,Public,Politics
369,Private,Politics
370,Public,Politics
371,Private,Politics
372,Public,Politics
373,Private,Politics
374,Public,Politics
375,Private,Education
376,Public,Politics
377,Private,Politics
378,Public,Politics
379,Private,Politics
380,Public,Politics
381,Private,Politics
382,Public,Politics
383,Private,Politics
384,Public,Politics
385,Private,Education
386,Public,Politics
387,Private,Politics
388,Public,Politics
389,Private,Politics
390,Public,Politics
391,Private,Politics
392,Public,Politics
393,Private,Politics
394,Public,Politics
395,Private,Education
396,Public,Politics
397,Private,Politics
398,Public,Politics
399,Private,Health
400,Public,Health
401,Private,Entertainment
402,Public,Education
403,Private,Entertainment
404,Public,Environment
405,Private,Entertainment
406,Public,Education
407,Private,Politics
408,Public,Entertainment
409,Private,Education
410,Public,Entertainment
411,Private,Environment
412,Public,Health
413,Private,Entertainment
414,Public,Politics
415,Private,Politics
416,Public,Entertainment
417,Private,Environment
418,Public,Entertainment
419,Private,Environment
420,Public,Politics
421,Private,Entertainment
422,Public,Politics
423,Private,Politics
424,Public,Entertainment
425,Private,Environment
426,Public,Politics
427,Private,Entertainment
428,Public,Politics
429,Private,Politics
430,Public,Entertainment
431,Private,Environment
432,Public,Environment
433,Private,Education
434,Public,Politics
435,Private,Politics
436,Public,Entertainment
437,Private,Environment
438,Public,Education
439,Private,Education
440,Public,Politics
441,Private,Politics
442,Public,Education
443,Private,Environment
444,Public,Environment
445,Private,Entertainment
446,Public,Politics
447,Private,Politics
448,Public,Entertainment
449,Private,Environment
450,Public,Education
451,Private,Education
452,Public,Politics
453,Private,Politics
454,Public,Education
455,Private,Environment
456,Public,Environment
457,Private,Entertainment
458,Public,Politics
459,Private,Health
460,Public,Education
461,Private,Politics
462,Public,Health
463,Private,Entertainment
464,Public,Environment
465,Private,Environment
466,Public,Entertainment
467,Private,Politics
468,Public,Health
469,Private,Education
470,Public,Politics
471,Private,Health
472,Public,Education
473,Private,Environment
474,Public,Environment
475,Private,Entertainment
476,Public,Politics
477,Private,Politics
478,Public,Entertainment
479,Private,Politics
480,Public,Politics
481,Private,Entertainment
482,Public,Environment
483,Private,Environment
484,Public,Entertainment
485,Private,Politics
486,Public,Politics
487,Private,Entertainment
488,Public,Politics
489,Private,Politics
490,Public,Entertainment
491,Private,Environment
492,Public,Environment
493,Private,Entertainment
494,Public,Politics
495,Private,Health
496,Public,Education
497,Private,Politics
498,Public,Health
499,Private,Entertainment
500,Public,Environment
501,Private,Environment
502,Public,Entertainment
503,Private,Politics
504,Public,Health
505,Private,Entertainment
506,Public,Politics
507,Private,Health
508,Public,Entertainment
509,Private,Environment
510,Public,Environment
511,Private,Entertainment
512,Public,Politics
513,Private,Education
514,Public,Entertainment
515,Private,Politics
516,Public,Education
517,Private,Entertainment
518,Public,Environment
519,Private,Environment
520,Public,Entertainment
521,Private,Politics
522,Public,Politics
523,Private,Politics
524,Public,Environment
525,Private,Politics
526,Public,Education
527,Private,Technology
528,Public,Politics
529,Private,Environment
530,Public,Politics
531,Private,Education
532,Public,Entertainment
533,Private,Politics
534,Public,Sports
535,Private,Education
536,Public,Education
537,Private,Education
538,Public,Politics
539,Private,Entertainment
540,Public,Entertainment
541,Private,Environment
542,Public,Entertainment
543,Private,Entertainment
544,Public,Entertainment
545,Private,Entertainment
546,Public,Entertainment
547,Private,Entertainment
548,Public,Entertainment
549,Private,Entertainment
550,Public,Science
551,Private,Entertainment
552,Public,Entertainment
553,Private,Entertainment
554,Public,Entertainment
555,Private,Entertainment
556,Public,Entertainment
557,Private,Entertainment
558,Public,Entertainment
559,Private,Entertainment
560,Public,Education
561,Private,Entertainment
562,Public,Education
563,Private,Entertainment
564,Public,Education
565,Private,Entertainment
566,Public,Education
567,Private,Entertainment
568,Public,Education
569,Private,Entertainment
570,Public,Education
571,Private,Entertainment
572,Public,Education
573,Private,Entertainment
574,Public,Entertainment
575,Private,Entertainment
576,Public,Education
577,Private,Politics
578,Public,Education
579,Private,Entertainment
580,Public,Education
581,Private,Entertainment
582,Public,Environment
583,Private,Entertainment
584,Public,Education
585,Private,Entertainment
586,Public,Education
587,Private,Entertainment
588,Public,Education
589,Private,Entertainment
590,Public,Education
591,Private,Politics
592,Public,Education
593,Private,Entertainment
594,Public,Education
595,Private,Entertainment
596,Public,Education
597,Private,Entertainment
598,Public,Education
599,Private,Entertainment
600,Public,Education
601,Private,Entertainment
602,Public,Education
603,Private,Entertainment
604,Public,Education
605,Private,Entertainment
606,Public,Education
607,Private,Entertainment
608,Public,Education
609,Private,Entertainment
610,Public,Education
611,Private,Entertainment
612,Public,Education
613,Private,Entertainment
614,Public,Education
615,Private,Entertainment
616,Public,Environment
617,Private,Travel
618,Public,Politics
619,Private,Education
620,Public,Entertainment
621,Private,Entertainment
622,Public,Entertainment
623,Private,Politics
624,Public,Environment
625,Private,Entertainment
626,Public,Politics
627,Private,Politics
628,Public,Education
629,Private,Entertainment
630,Public,Entertainment
631,Private,Environment
632,Public,Entertainment
633,Private,Entertainment
634,Public,Politics
635,Private,Entertainment
636,Public,Entertainment
637,Private,Environment
638,Public,Entertainment
639,Private,Entertainment
640,Public,Politics
641,Private,Entertainment
642,Public,Entertainment
643,Private,Politics
644,Public,Entertainment
645,Private,Entertainment
646,Public,Environment
647,Private,Entertainment
648,Public,Entertainment
649,Private,Politics
650,Public,Entertainment
651,Private,Entertainment
652,Public,Politics
653,Private,Entertainment
654,Public,Entertainment
655,Private,Politics
656,Public,Entertainment
657,Private,Entertainment
658,Public,Politics
659,Private,Entertainment
660,Public,Entertainment
661,Private,Environment
662,Public,Entertainment
663,Private,Entertainment
664,Public,Politics
665,Private,Entertainment
666,Public,Entertainment
667,Private,Politics
668,Public,Entertainment
669,Private,Entertainment
670,Public,Politics
671,Private,Entertainment
672,Public,Entertainment
673,Private,Politics
674,Public,Entertainment
675,Private,Entertainment
676,Public,Politics
677,Private,Entertainment
678,Public,Entertainment
679,Private,Environment
680,Public,Entertainment
681,Private,Entertainment
682,Public,Politics
683,Private,Entertainment
684,Public,Entertainment
685,Private,Politics
686,Public,Entertainment
687,Private,Politics
688,Public,Politics
689,Private,Entertainment
690,Public,Entertainment
691,Private,Politics
692,Public,Entertainment
693,Private,Entertainment
694,Public,Politics
695,Private,Entertainment
696,Public,Entertainment
697,Private,Politics
698,Public,Entertainment
699,Private,Entertainment
700,Public,Politics
701,Private,Entertainment
702,Public,Entertainment
703,Private,Politics
704,Public,Entertainment
705,Private,Entertainment
706,Public,Politics
707,Private,Entertainment
708,Public,Entertainment
709,Private,Politics
710,Public,Entertainment
711,Private,Entertainment
712,Public,Politics
713,Private,Entertainment
714,Public,Entertainment
715,Private,Politics
716,Public,Entertainment
717,Private,Entertainment
718,Public,Environment
719,Private,Entertainment
720,Public,Entertainment
721,Private,Politics
722,Public,Entertainment
723,Private,Entertainment
724,Public,Politics
725,Private,Entertainment
726,Public,Entertainment
727,Private,Education
728,Public,Entertainment
729,Private,Entertainment
730,Public,Entertainment
731,Private,Entertainment
732,Public,Entertainment
733,Private,Entertainment
734,Public,Entertainment
735,Private,Entertainment
736,Public,Entertainment
737,Private,Entertainment
738,Public,Entertainment
739,Private,Entertainment
740,Public,Entertainment
741,Private,Entertainment
742,Public,Entertainment
743,Private,Entertainment
744,Public,Entertainment
745,Private,Entertainment
746,Public,Entertainment
747,Private,Entertainment
748,Public,Entertainment
749,Private,Entertainment
750,Public,Entertainment
751,Private,Entertainment
752,Public,Entertainment
753,Private,Entertainment
754,Public,Entertainment
755,Private,Entertainment
756,Public,Entertainment
757,Private,Entertainment
758,Public,Entertainment
759,Private,Entertainment
760,Public,Entertainment
761,Private,Entertainment
762,Public,Entertainment
763,Private,Entertainment
764,Public,Entertainment
765,Private,Entertainment
766,Public,Entertainment
767,Private,Entertainment
768,Public,Entertainment
769,Private,Entertainment
770,Public,Entertainment
771,Private,Entertainment
772,Public,Entertainment
773,Private,Entertainment
774,Public,Entertainment
775,Private,Entertainment
776,Public,Entertainment
777,Private,Entertainment
778,Public,Entertainment
779,Private,Entertainment
780,Public,Environment
781,Private,Entertainment
782,Public,Entertainment
783,Private,Entertainment
784,Public,Entertainment
785,Private,Entertainment
786,Public,Entertainment
787,Private,Entertainment
788,Public,Entertainment
789,Private,Entertainment
790,Public,Entertainment
791,Private,Entertainment
792,Public,Entertainment
793,Private,Entertainment
794,Public,Entertainment
795,Private,Entertainment
796,Public,Entertainment
797,Private,Entertainment
798,Public,Entertainment
799,Private,Entertainment
800,Public,Entertainment
801,Private,Entertainment
802,Public,Entertainment
803,Private,Entertainment
804,Public,Entertainment
805,Private,Entertainment
806,Public,Entertainment
807,Private,Entertainment
808,Public,Entertainment
809,Private,Entertainment
810,Public,Entertainment
811,Private,Entertainment
812,Public,Entertainment
813,Private,Entertainment
814,Public,Entertainment
815,Private,Entertainment
816,Public,Entertainment
817,Private,Entertainment
818,Public,Entertainment
819,Private,Entertainment
820,Public,Entertainment
821,Private,Entertainment
822,Public,Entertainment
823,Private,Entertainment
824,Public,Entertainment
825,Private,Entertainment
826,Public,Entertainment
827,Private,Entertainment
828,Public,Entertainment
829,Private,Entertainment
830,Public,Entertainment
831,Private,Entertainment
832,Public,Entertainment
833,Private,Entertainment
834,Public,Entertainment
835,Private,Entertainment
836,Public,Entertainment
837,Private,Entertainment
838,Public,Entertainment
839,Private,Entertainment
840,Public,Entertainment
841,Private,Entertainment
842,Public,Entertainment
843,Private,Entertainment
844,Public,Entertainment
845,Private,Entertainment
846,Public,Entertainment
847,Private,Entertainment
848,Public,Entertainment
849,Private,Entertainment
850,Public,Entertainment
851,Private,Entertainment
852,Public,Entertainment
853,Private,Entertainment
854,Public,Entertainment
855,Private,Entertainment
856,Public,Entertainment
857,Private,Entertainment
858,Public,Entertainment
859,Private,Entertainment
860,Public,Entertainment
861,Private,Entertainment
862,Public,Entertainment
863,Private,Entertainment
864,Public,Entertainment
865,Private,Entertainment
866,Public,Entertainment
867,Private,Entertainment
868,Public,Entertainment
869,Private,Entertainment
870,Public,Entertainment
871,Private,Entertainment
872,Public,Entertainment
873,Private,Entertainment
874,Public,Entertainment
875,Private,Entertainment
876,Public,Entertainment
877,Private,Entertainment
878,Public,Entertainment
879,Private,Entertainment
880,Public,Entertainment
881,Private,Entertainment
882,Public,Entertainment
883,Private,Entertainment
884,Public,Entertainment
885,Private,Entertainment
886,Public,Entertainment
887,Private,Entertainment
888,Public,Entertainment
889,Private,Entertainment
890,Public,Entertainment
891,Private,Entertainment
892,Public,Entertainment
893,Private,Entertainment
894,Public,Entertainment
895,Private,Entertainment
896,Public,Entertainment
897,Private,Entertainment
898,Public,Entertainment
899,Private,Entertainment
900,Public,Entertainment
901,Private,Entertainment
902,Public,Entertainment
903,Private,Entertainment
904,Public,Entertainment
905,Private,Entertainment
906,Public,Entertainment
907,Private,Entertainment
908,Public,Entertainment
909,Private,Entertainment
910,Public,Entertainment
911,Private,Entertainment
912,Public,Entertainment
913,Private,Entertainment
914,Public,Entertainment
915,Private,Entertainment
916,Public,Entertainment
917,Private,Entertainment
918,Public,Entertainment
919,Private,Entertainment
920,Public,Entertainment
921,Private,Entertainment
922,Public,Entertainment
923,Private,Entertainment
924,Public,Entertainment
925,Private,Entertainment
926,Public,Entertainment
927,Private,Entertainment
928,Public,Entertainment
929,Private,Entertainment
930,Public,Entertainment
931,Private,Entertainment
932,Public,Entertainment
933,Private,Entertainment
934,Public,Entertainment
935,Private,Entertainment
936,Public,Entertainment
937,Private,Entertainment
938,Public,Entertainment
939,Private,Entertainment
940,Public,Entertainment
941,Private,Entertainment
942,Public,Entertainment
943,Private,Entertainment
944,Public,Entertainment
945,Private,Entertainment
946,Public,Entertainment
947,Private,Entertainment
948,Public,Entertainment
949,Private,Entertainment
950,Public,Entertainment
951,Private,Entertainment
952,Public,Entertainment
953,Private,Entertainment
954,Public,Entertainment
955,Private,Entertainment
956,Public,Entertainment
957,Private,Entertainment
958,Public,Entertainment
959,Private,Entertainment
960,Public,Entertainment
961,Private,Entertainment
962,Public,Entertainment
963,Private,Entertainment
964,Public,Entertainment
965,Private,Entertainment
966,Public,Entertainment
967,Private,Entertainment
968,Public,Entertainment
969,Private,Entertainment
970,Public,Entertainment
971,Private,Entertainment
972,Public,Entertainment
973,Private,Entertainment
974,Public,Entertainment
975,Private,Entertainment
976,Public,Entertainment
977,Private,Entertainment
978,Public,Entertainment
979,Private,Entertainment
980,Public,Entertainment
981,Private,Entertainment
982,Public,Entertainment
983,Private,Entertainment
984,Public,Entertainment
985,Private,Entertainment
986,Public,Entertainment
987,Private,Entertainment
988,Public,Entertainment
989,Private,Entertainment
990,Public,Entertainment
991,Private,Entertainment
992,Public,Entertainment
993,Private,Politics
994,Public,Entertainment
995,Private,Entertainment
996,Public,Entertainment
997,Private,Entertainment
998,Public,Entertainment
999,Private,Science
1000,Public,Entertainment
1001,Private,Entertainment
1002,Public,Entertainment
1003,Private,Entertainment
1004,Public,Entertainment
1005,Private,Entertainment
1006,Public,Entertainment
1007,Private,Entertainment
1008,Public,Entertainment
1009,Private,Entertainment
1010,Public,Entertainment
1011,Private,Entertainment
1012,Public,Entertainment
1013,Private,Entertainment
1014,Public,Entertainment
1015,Private,Entertainment
1016,Public,Entertainment
1017,Private,Entertainment
1018,Public,Entertainment
1019,Private,Entertainment
1020,Public,Entertainment
1021,Private,Entertainment
1022,Public,Entertainment
1023,Private,Entertainment
1024,Public,Entertainment
1025,Private,Entertainment
1026,Public,Entertainment
1027,Private,Entertainment
1028,Public,Entertainment
1029,Private,Science
1030,Public,Entertainment
1031,Private,Entertainment
1032,Public,Entertainment
1033,Private,Entertainment
1034,Public,Entertainment
1035,Private,Entertainment
1036,Public,Entertainment
1037,Private,Entertainment
1038,Public,Entertainment
1039,Private,Entertainment
1040,Public,Entertainment
1041,Private,Entertainment
1042,Public,Entertainment
1043,Private,Entertainment
1044,Public,Entertainment
1045,Private,Entertainment
1046,Public,Entertainment
1047,Private,Entertainment
1048,Public,Entertainment
1049,Private,Entertainment
1050,Public,Entertainment
1051,Private,Entertainment
1052,Public,Entertainment
1053,Private,Entertainment
1054,Public,Entertainment
1055,Private,Entertainment
1056,Public,Entertainment
1057,Private,Entertainment
1058,Public,Entertainment
1059,Private,Entertainment
1060,Public,Entertainment
1061,Private,Entertainment
1062,Public,Entertainment
1063,Private,Entertainment
1064,Public,Entertainment
1065,Private,Entertainment
1066,Public,Entertainment
1067,Private,Entertainment
1068,Public,Entertainment
1069,Private,Entertainment
1070,Public,Entertainment
1071,Private,Science
1072,Public,Entertainment
1073,Private,Entertainment
1074,Public,Entertainment
1075,Private,Entertainment
1076,Public,Entertainment
1077,Private,Entertainment
1078,Public,Entertainment
1079,Private,Entertainment
1080,Public,Entertainment
1081,Private,Entertainment
1082,Public,Entertainment
1083,Private,Entertainment
1084,Public,Entertainment
1085,Private,Entertainment
1086,Public,Entertainment
1087,Private,Entertainment
1088,Public,Entertainment
1089,Private,Science
1090,Public,Entertainment
1091,Private,Entertainment
1092,Public,Entertainment
1093,Private,Entertainment
1094,Public,Entertainment
1095,Private,Science
1096,Public,Entertainment
1097,Private,Entertainment
1098,Public,Entertainment
1099,Private,Entertainment
1100,Public,Entertainment
1101,Private,Entertainment
1102,Public,Entertainment
1103,Private,Entertainment
1104,Public,Entertainment
1105,Private,Entertainment
1106,Public,Entertainment
1107,Private,Entertainment
1108,Public,Entertainment
1109,Private,Environment
1110,Public,Entertainment
1111,Private,Environment
1112,Public,Entertainment
1113,Private,Entertainment
1114,Public,Entertainment
1115,Private,Entertainment
1116,Public,Entertainment
1117,Private,Entertainment
1118,Public,Entertainment
1119,Private,Entertainment
1120,Public,Entertainment
1121,Private,Entertainment
1122,Public,Entertainment
1123,Private,Entertainment
1124,Public,Education
1125,Private,Entertainment
1126,Public,Entertainment
1127,Private,Entertainment
1128,Public,Entertainment
1129,Private,Entertainment
1130,Public,Entertainment
1131,Private,Entertainment
1132,Public,Entertainment
1133,Private,Entertainment
1134,Public,Entertainment
1135,Private,Entertainment
1136,Public,Entertainment
1137,Private,Entertainment
1138,Public,Entertainment
1139,Private,Entertainment
1140,Public,Entertainment
1141,Private,Entertainment
1142,Public,Entertainment
1143,Private,Entertainment
1144,Public,Entertainment
1145,Private,Entertainment
1146,Public,Entertainment
1147,Private,Entertainment
1148,Public,Entertainment
1149,Private,Entertainment
1150,Public,Entertainment
1151,Private,Entertainment
1152,Public,Entertainment
1153,Private,Entertainment
1154,Public,Entertainment
1155,Private,Entertainment
1156,Public,Entertainment
1157,Private,Entertainment
1158,Public,Entertainment
1159,Private,Entertainment
1160,Public,Entertainment
1161,Private,Entertainment
1162,Public,Entertainment
1163,Private,Entertainment
1164,Public,Entertainment
1165,Private,Entertainment
1166,Public,Entertainment
1167,Private,Entertainment
1168,Public,Entertainment
1169,Private,Entertainment
1170,Public,Entertainment
1171,Private,Entertainment
1172,Public,Entertainment
1173,Private,Entertainment
1174,Public,Entertainment
1175,Private,Entertainment
1176,Public,Entertainment
1177,Private,Entertainment
1178,Public,Entertainment
1179,Private,Entertainment
1180,Public,Entertainment
1181,Private,Entertainment
1182,Public,Entertainment
1183,Private,Entertainment
1184,Public,Education
1185,Private,Entertainment
1186,Public,Entertainment
1187,Private,Entertainment
1188,Public,Entertainment
1189,Private,Entertainment
1190,Public,Education
1191,Private,Entertainment
1192,Public,Entertainment
1193,Private,Entertainment
1194,Public,Entertainment
1195,Private,Entertainment
1196,Public,Entertainment
1197,Private,Entertainment
1198,Public,Entertainment
1199,Private,Entertainment
1200,Public,Entertainment
1201,Private,Entertainment
1202,Public,Entertainment
1203,Private,Entertainment
1204,Public,Entertainment
1205,Private,Entertainment
1206,Public,Entertainment
1207,Private,Entertainment
1208,Public,Entertainment
1209,Private,Entertainment
1210,Public,Entertainment
1211,Private,Entertainment
1212,Public,Entertainment
1213,Private,Entertainment
1214,Public,Entertainment
1215,Private,Entertainment
1216,Public,Entertainment
1217,Private,Entertainment
1218,Public,Entertainment
1219,Private,Entertainment
1220,Public,Environment
1221,Private,Entertainment
1222,Public,Entertainment
1223,Private,Entertainment
1224,Public,Entertainment
1225,Private,Fashion
1226,Public,Entertainment
1227,Private,Environment
1228,Public,Entertainment
1229,Private,Fashion
1230,Public,Entertainment
1231,Private,Entertainment
1232,Public,Fashion
1233,Private,Entertainment
1234,Public,Entertainment
1235,Private,Entertainment
1236,Public,Fashion
1237,Private,Entertainment
1238,Public,Entertainment
1239,Private,Fashion
1240,Public,Entertainment
1241,Private,Fashion
1242,Public,Fashion
1243,Private,Entertainment
1244,Public,Fashion
1245,Private,Fashion
1246,Public,Entertainment
1247,Private,Entertainment
1248,Public,Fashion
1249,Private,Entertainment
1250,Public,Entertainment
1251,Private,Fashion
1252,Public,Entertainment
1253,Private,Entertainment
1254,Public,Entertainment
1255,Private,Entertainment
1256,Public,Entertainment
1257,Private,Entertainment
1258,Public,Entertainment
1259,Private,Entertainment
1260,Public,Fashion
1261,Private,Entertainment
1262,Public,Entertainment
1263,Private,Entertainment
1264,Public,Entertainment
1265,Private,Entertainment
1266,Public,Fashion
1267,Private,Entertainment
1268,Public,Entertainment
1269,Private,Fashion
1270,Public,Entertainment
1271,Private,Fashion
1272,Public,Entertainment
1273,Private,Entertainment
1274,Public,Fashion
1275,Private,Entertainment
1276,Public,Entertainment
1277,Private,Fashion
1278,Public,Fashion
1279,Private,Entertainment
1280,Public,Fashion
1281,Private,Fashion
1282,Public,Entertainment
1283,Private,Fashion
1284,Public,Fashion
1285,Private,Entertainment
1286,Public,Fashion
1287,Private,Entertainment
1288,Public,Entertainment
1289,Private,Fashion
1290,Public,Fashion
1291,Private,Entertainment
1292,Public,Fashion
1293,Private,Entertainment
1294,Public,Entertainment
1295,Private,Fashion
1296,Public,Fashion
1297,Private,Entertainment
1298,Public,Fashion
1299,Private,Fashion
1300,Public,Entertainment
1301,Private,Fashion
1302,Public,Fashion
1303,Private,Entertainment
1304,Public,Fashion
1305,Private,Fashion
1306,Public,Entertainment
1307,Private,Fashion
1308,Public,Fashion
1309,Private,Entertainment
1310,Public,Fashion
1311,Private,Fashion
1312,Public,Entertainment
1313,Private,Fashion
1314,Public,Fashion
1315,Private,Entertainment
1316,Public,Fashion
1317,Private,Fashion
1318,Public,Entertainment
1319,Private,Fashion
1320,Public,Fashion
1321,Private,Entertainment
1322,Public,Fashion
1323,Private,Fashion
1324,Public,Entertainment
1325,Private,Fashion
1326,Public,Fashion
1327,Private,Entertainment
1328,Public,Fashion
1329,Private,Fashion
1330,Public,Entertainment
1331,Private,Fashion
1332,Public,Fashion
1333,Private,Entertainment
1334,Public,Fashion
1335,Private,Fashion
1336,Public,Entertainment
1337,Private,Fashion
